Vegetable,Seasoning,Sides & Carbs,Sweets,Meat,Drinks,Fruits,Dairy,Nuts & Dired fruits,Fish & Sea Food,Cooking  & Baking,Unknown,Spreads,Substitutes
ancho chil,agar-agar powder,angel hair,amaretti,baby squid,agave nectar,apple,bocconcini,almond,anchovies,baking mix,acai,tahini,soya milk
ancho chillies,allspice,bagel,apricot jam,bacon,ale,apples,brie,almond extract,anchovy filet,baking powder,ackee,hummus,tofu
árbol chiles,apple cider vinegar,baguette,belgian waffles,beef,amaretto,apricot,butter,almond milk,anchovy fillet,baking soda,agave,,queso
arrowroot,arrowroot powder,basmati rice,biscuit,beef brisket,aperol,banana,cheddar,almonds,anchovy paste,blue food colouring,anaheim,,earth balance
artichoke,asafetida,bowtie pasta,bisquick,beef fillet,beer,berries,cheddar cheese,amaranth seeds,bass,canola oil,bee pollen,,vegenaise
arugula,asafoetida,bran cereal,black pudding,beef gravy,bicarbonate of soda,blackberries,cheese,anise seeds,calamari,celery salt,bitters,,
asparagus,balsamic glaze,bread,blueberry pie filling,beef kidney,black tea,blackberry,cheese curds,caraway seed,catfish fillets,coconut cream,black treacle,,
aubergine,balsamic vinegar,breadcrumbs,brioche,beef shin,black-tea,blueberries,chilled butter,caraway seeds,clams,coconut milk,burrata,,
avocado,barbecue sauce,brown rice,brown sugar,beef stock,bourbon,blueberry,colby jack cheese,cashew,cod,cooking spray,cajun,,
baby aubergine,barbeque sauce,bulgar wheat,brownie,brisket,brandy,braeburn apples,condensed milk,cashew nuts,crab,corn flour,cardamom,,
baby plum tomatoes,basil,bulgur,cacao,chevre,brown ale,bramley apples,cream,cashews,fish,cornstarch,clove,,
baked beans,bbq sauce,bulgur wheat,cake,chicken,cabernet,cantaloupe,cream cheese,chestnut,fish sticks,egg,cloves,,
bamboo,biryani masala,bun,candy,chicken breast,calvados,cherries,creamed corn,chestnuts,fish stock,egg white,crostini,,
basil leaves,bouquet garni,capellini,caramel,chicken breasts,campari,cherry,crema,chia seed,flounder fillet,egg yolks,fenugreek,,
bay leaf,buffalo sauce,cereal,caramel sauce,chicken legs,chai tea,clementine,créme,chia seeds,haddock,eggs,fresno,,
bay leaves,carob powder,ciabatta,caster sugar,chicken stock,chardonnay,coconut,creme fraiche,date,halibut,evoo,ghee,,
bean,catsup,cibatta loaf,chocolate,chicken stock cube,cider,cranberries,créme fraîche,dried apricots,king prawns,extra virgin olive oil,grain pilaf,,
bean paste,chervil,corn tortillas,chocolate chips,chicken thighs,clementine juice,cranberry,cubed feta cheese,dried cranberry,lobster,fleur,gyoza skin,,
bean sprouts,chile flake,cornmeal,christmas pudding,chorizo,club soda,currants,double cream,dried fruit,lox,flour,liquid pectin,,
beans,chile flakes,couscous,clotted cream,doner meat,coffee,desiccated coconut,dulce de leche,fig,mackerel,flour tortilla,liquid smoke,,
beet,chile powder,crackers,coco sugar,duck,cognac,fruit,feta,flaked almonds,mahimahi,food color,madeira,,
black olives,chili,croutons,cocoa,duck fat,cointreau,fruit mix,fromage,flax,mahi-mahi fillet,free-range egg,masoor dal,,
black pepper,chili flake,crusty bread,corn syrup,duck legs,cola,grape,full fat yogurt,flax eggs,monkfish,free-range eggs,mirin,,
bok choy,chili powder,dough,crepe,filet mignon,cold water,grapefruit,goats cheese,flax seed,morel,gelatin,miso,,
borlotti beans,chili sauce,dreamfields elbows,crescent rolls,fillet,cooking wine,kiwi,gouda,flaxseed,octopus,gelatine leafs,mixed peel,,
broad beans,chilli,dumpling wrapper,croissant roll,flank steak,cranberry juice,kumquat,gouda cheese,granola,oysters,hot beef stock,mostaciolli,,
broccoli,chilli powder,egg rolls,custard,flap steak,cynar,lemon,greek yogurt,ground almonds,pilchards,margarine,orecchiette,,
brown lentils,chipotle,farfalle,custard powder,flatiron steak,dry white wine,lemons,gruyère,hazelnut meal,prawns,oil,paneer,,
brussels sprouts,chopped parsley,farro,dark brown soft sugar,gammon,espresso,lime,half & half,hazlenuts,ramp,olive oil,pickled daikon,,
butter beans,cilantro,fettuccine,dark brown sugar,goose fat,galliano,litchis,half and half,hemp seeds,raw king prawns,peanut oil,protein powder,,
butternut squash,cinammon,fettuccini,dark chocolate,ground beef,gin,lychee,half-and-half,medjool dates,salmon,pink food colouring,sauerkraut,,
cabbage,cinamon,fideo,dark chocolate chips,ground bottom,grappa,mango,heavy cream,nigella seeds,scallops,plain flour,shoyu koji,,
canned chipotles,cinnamon,flaxmeal,dark soft brown sugar,ground chuck,green tea,melon,labneh,nut,sea scallops,red food colouring,suet,,
canned tomatoes,cinnamon stick,fries,demerara sugar,ground sirloin,ice,nectarine,mascarpone,nuts,seafood,refrigerated crescent,tamarind ball,,
cannellini beans,clam juice,fromage frais,digestive biscuits,ham,ice cube,orange,milk,peanut brittle,shark steak,self-raising flour,treacle,,
capers,corriander,fusilli,english muffin,hot dog,lager,orange zest,monterey jack cheese,peanuts,shrimp,semolina,unpopped popcorn,,
carrot,cumin,grits,glace cherry,hotdog,lemon juice,papaya,mozzarella,pecan,squid,sesame seed oil,wasabi,,
carrots,cumin seeds,hard taco shells,golden syrup,italian fennel sausages,liqueur,peach,mozzarella balls,pecan nuts,tiger prawns,shortening,white miso,,
cauliflower,curry,homemade dough,granulated sugar,jerk,liquor,peaches,mozzerella,pine nuts,tilapia,soft roll,xanthan gum,,
cayenne,curry powder,jasmine rice,honey,lamb,marnier,pear,parmesan,pistachios,tuna,starch,guar gum,,
cayenne pepper,dark soy sauce,kaiser roll,ice cream,lamb kidney,mezcal,pears,parmesan cheese,poppy seeds,walleye fillet,stove top stuffing mix,dashi,,
celeriac,dijon mustard,khus khus,icing sugar,lamb leg,moonshine,persimmon,parmigiano,prunes,white fish,stuffing,cassia,,
celery,dill,lasagne sheets,jello,lamb loin chops,ouzo,plum,pecorino,raisin,white fish fillets,stuffing mix,masa harina,,
challots,doubanjiang,linguine,jelly,lamb mince,pastis,plums,reggiano,raisins,whitefish fillet,sunflower oil,gherkins,,
chana dal,dressing,linguine pasta,ladyfinger,lamb shoulder,pisco,pomegranate,ricotta,seeds,sardines,vanilla,velveeta,,
charlotte potatoes,dried chil,loaf,ladyfingers,lard,pomelo juice,pomegranate seeds,salted butter,sesame seed,herring,vanilla extract,poi,,
chayotes,dried oregano,macaroni,light brown soft sugar,lean minced beef,port,pomelo,semi-skimmed milk,sour cream,blood cockles,vegan butter,dandelion,,
cherry tomatoes,duck sauce,masa dough,macaroon,loin steaks,prosecco,raspberries,shredded mexican cheese,sultanas,cockle,vegetable broth,hung,,
chestnut mushroom,enchilada sauce,matzo,maple syrup,meat,raspberry juice,raspberry,shredded monterey jack cheese,sunflower seeds,prawn,vegetable oil,curd,,
chickpeas,english mustard,millet,marshmallow,meat bones,red wine,redcurrants,single cream,walnut,anchovy,whipped topping,falafel,,
chile,fajita seasoning,mixed grain,marshmallows,minced beef,red wine jelly,sherry,stilton cheese,walnuts,snapper,white flour,tapioca,,
chinese broccoli,fish sauce,naan bread,marzipan,minced pork,rice wine,star anise,unsalted butter,caraway,trout,yeast,anise seed,,
chive,fresh thyme,noodles,meringue nests,minute steak,riesling,strawberries,whole milk,poppy seed,unagi,yellow food colouring,anise,,
chives,garam masala,oat bran,meringue powder,mortadella,ruby port,strawberry,yoghurt,shahi jeera,oyster,pan spray,kimchi,,
chopped onion,garlic powder,oat flakes,milk chocolate,mussels,rum,tangelos,yogurt,jeera,surimi,veg stock,verjus,,
chopped tomatoes,garlic sauce,oatmeal,miniature marshmallows,nduja,sake,tangerine,provolone,pistachio,steamer,canola,batter,,
coriander,ginger garlic paste,oats,muffin mix,oxtail,sauvignon,tangerine zest,monterey jack,macadamias,caviar,stock,hemp heart,,
coriander leaves,ginger paste,orzo,muscovado sugar,pancetta,scotch,tangerines,camembert,dried currant,ahi,broth,quark,,
coriander seeds,gochujang,paccheri pasta,no-calorie sweetener,parma ham,scotch bonnet,guava,cotija,sunflower,,maida,croissant,,
corn,green salsa,paella rice,nutella,pork,seltzer,tangelo zest,gruyere,,,ajinomoto,armagnac,,
corn kernel,ground cumin,panko,peanut butter,prosciutto,soda,tangelo,kefir,,,,gorgonzola,,
courgettes,ground ginger,pappardelle,peanut cookies,rabbit,sparkling wine,berry,fontina,,,,piloncillo,,
cucumber,ground mace,pappardelle pasta,plain chocolate,rib,stout,prune,colby jack,,,,bouillon,,
diced tomatoes,harissa,passata,raspberry jam,roast,sweet tea,prune baby food,halloumi,,,,pizzoccheri,,
ears corn,harissa spice,pasta,rose,salami,tangelo juice,pummelo,cool whip,,,,whey protein,,
edamame,herb,pastry,simple syrup,sausages,tangerine juice,mandarine,fraîche,,,,protein,,
egg plants,herbes,pastry dough,splenda,sirloin steak,tawny port,kokum,labne,,,,xylitol,,
eggplant,herbs,penne,stevia,smoked haddock,tequila,kadampuli,grana padano,,,,marsala,,
endive,hoisin sauce,penne rigate,sugar,snapper fillet,triple sec,,stilton,,,,milo,,
escarole,horseradish,pennette,sweetener,soppressata,vermouth,,tzatziki,,,,nam prik pao,,
fennel,hot chile sauce,phyllo,syrup,steak,vodka,,marscapone,,,,vitamin supplement,,
fennel bulb,hot sauce,phyllo dough,toffee,steaks,water,,creme,,,,agar,,
fennel seeds,hotsauce,phyllo shells,toffee popcorn,strip steak,whiskey,,crème fraiche,,,,hot roll mix,,
fermented black beans,italian dressing,phyllo tartlet shells,wafer,turkey,whisky,,haloumi,,,,chicory,,
finger chile,italian seasoning,pie crust,white chocolate,turkey mince,white wine,,,,,,amaranth,,
floury potatoes,ketchup,pie dough,white chocolate chips,veal,wine,,,,,,baccal,,
french lentils,kosher salt,piecrust,jam,kielbasa,zinfandel,,,,,,pico de gallo,,
fresh basil,lavender,piecrust dough,sorbet,sirloin,tea bag,,,,,,sucanat,,
fresh corn,mace,pita,muffin,boneless chuck,chartreuse,,,,,,pico de gallo,,
fresh cranberry,mâche,pizza crust,waffle,sopressata,fernet,,,,,,spam,,
freshly chopped parsley,madras paste,pizza dough,marmalade,bratwurst,lillet,,,,,,tempeh,,
freshly picked corn,malt vinegar,polenta,cookies,hog casing,pinot noir,,,,,,peperoncini,,
frisee,marinara sauce,pretzels,cookie,hog,guava nectar,,,,,,,,
frisée,marjoram,puff pastry,carmel icing,ground round,grenadine,,,,,,,,
frozen corn,massaman curry paste,puff-pastry sheets,icing,venison loin,sprite,,,,,,,,
frozen peas,mayo,pumpernickel,panettone,loin,kahlua,,,,,,,,
garlic,mayonnaise,quinoa,ladies finger,venison,absinthe,,,,,,,,
garlic clove,minced garlic,rice,flan,chévre,aquavit,,,,,,,,
ginger,mint,rice noodles,oreo,quail,pernod,,,,,,,,
ginger cordial,mixed spice,rice stick noodles,m&m,pheasant,lentil,,,,,,,,
grape tomatoes,molasses,rice vermicelli,reese's,squab,grenadine,,,,,,,,
green beans,mustard,rigatoni,pudding mix,goose,limoncello,,,,,,,,
green chil,mustard powder,rolled oat,fudge,ground buffalo,7up,,,,,,,,
green chiles,mustard seeds,rolled oats,frosting,,merlot,,,,,,,,
green chilies,nama shoyu,rye,mocha ganache,,pimm,,,,,,,,
green olives,nutmeg,shortcrust pastry,ganache,,cocktail,,,,,,,,
green pepper,old bay seasoning,spaghetti,popsicle,,teabag,,,,,,,,
green red lentils,olive paste,tagliatelle,lollipop,,tea concentrate,,,,,,,,
greens,onion salt,tart shell,candies,,rosé,,,,,,,,
guajillo,oregano,toast,candy,,angostura,,,,,,,,
habanero,oyster sauce,tortilla,french roll,,blue curaçao,,,,,,,,
haricot beans,paprika,tortillas,nonpareil,,kahlúa,,,,,,,,
hearts of romaine,parsely,tostada shell,sprinkles,,luxardo,,,,,,,,
jalapeno,parsley,udon noodles,glucose,,jasmine tea,,,,,,,,
jalapeño,parsnip,vermicelli pasta,cajeta,,sweetened tea,,,,,,,,
jerusalem artichokes,paste,wheat,creme de menthe,,tea,,,,,,,,
jicama,pepper,wheat bran,snickers,,,,,,,,,,
kale,pesto,wheat cereal,meringue,,,,,,,,,,
kidney beans,ponzu soy,whole wheat,marmelade,,,,,,,,,,
kirsch,powder,wholegrain bread,,,,,,,,,,,
leek,powdered chili,wonton skin,,,,,,,,,,,
lentils,purslane,wonton wrapper,,,,,,,,,,,
lettuce,ranch dressing,wrap,,,,,,,,,,,
little gem lettuce,ranch-style dressing,wrappers,,,,,,,,,,,
mesclun,rapeseed oil,sandwich roll,,,,,,,,,,,
mixed greens,raspberry vinaigrette,rolls,,,,,,,,,,,
mushroom,red chilli powder,submarine roll,,,,,,,,,,,
mushrooms,red wine vinegar,tortelloni,,,,,,,,,,,
nori,rice vinegar,empanada,,,,,,,,,,,
olives,rosemary,taco shell,,,,,,,,,,,
onion,saffron,taco,,,,,,,,,,,
onions,sage,barley,,,,,,,,,,,
pasilla,salsa,manicotti,,,,,,,,,,,
pea,salt,pretzel stick,,,,,,,,,,,
peas,salt cod,pizza,,,,,,,,,,,
pimenton,sambal oelek,gnocchi,,,,,,,,,,,
pinto beans,sauce,shell,,,,,,,,,,,
pitted black olives,sea salt,puree,,,,,,,,,,,
plantain,seasoning,cous cous,,,,,,,,,,,
plum tomatoes,shichimi,tortellini,,,,,,,,,,,
poblano,sichuan pepper,rotini,,,,,,,,,,,
potato,smoked paprika,pretzel,,,,,,,,,,,
potato starch,smoky paprika,cous-cous,,,,,,,,,,,
potatoes,soy sauce,oat,,,,,,,,,,,
pumpkin,soy tempe,lasagna,,,,,,,,,,,
radicchio,sriracha,cavatelli,,,,,,,,,,,
radish,steak seasoning,oat,,,,,,,,,,,
red chil,sumac,natto,,,,,,,,,,,
red chiles,tabasco,ramen,,,,,,,,,,,
red chilis,tabasco sauce,linguini,,,,,,,,,,,
red onions,taco seasoning,ziti,,,,,,,,,,,
red pepper,tamari,matzah,,,,,,,,,,,
red pepper flakes,tamarind paste,noodle,,,,,,,,,,,
red snapper,tandoori seasoning,loave,,,,,,,,,,,
refried beans,tapenade,nabisco triscuits,,,,,,,,,,,
rhubarb,tarragon,triscuit,,,,,,,,,,,
roasted vegetables,tarragon leaves,cavatappi,,,,,,,,,,,
rocket,thai fish sauce,mostaccioli,,,,,,,,,,,
romaine,thai green curry paste,tart crust,,,,,,,,,,,
romano,thai red curry paste,crust,,,,,,,,,,,
root vegetables,thyme,fillo sheet,,,,,,,,,,,
rutabaga,tomato ketchup,fregola,,,,,,,,,,,
salad,tomato puree,hash brown,,,,,,,,,,,
scallion,tomato sauce,udon,,,,,,,,,,,
scallions,truffle oil,soba,,,,,,,,,,,
seaweed,tumeric powder,lavash,,,,,,,,,,,
serrano,turmeric,naan,,,,,,,,,,,
shallot,turmeric powder,ravioli,,,,,,,,,,,
shallots,vinaigrette,macaaroni,,,,,,,,,,,
shiitake mushrooms,vinaigrette dressing,,,,,,,,,,,,
slaw,vinegar,focaccia,,,,,,,,,,,
small chil,white vinegar,spelt,,,,,,,,,,,
small potatoes,worcestershire sauce,,,,,,,,,,,,
soya,shoyu,,,,,,,,,,,,
spinach,savory,,,,,,,,,,,,
spring onions,worcestershire,,,,,,,,,,,,
sprouts,relish,,,,,,,,,,,,
squash,tumeric,,,,,,,,,,,,
stir-fry vegetables,aioli,,,,,,,,,,,,
sugar snap peas,chutney,,,,,,,,,,,,
sun-dried tomatoes,teff,,,,,,,,,,,,
swede,sambal,,,,,,,,,,,,
sweet corn,masala,,,,,,,,,,,,
sweetcorn,balsamic,,,,,,,,,,,,
swiss chard,zaatar,,,,,,,,,,,,
tinned tomatos,kasuri methi,,,,,,,,,,,,
tomatillo,za'atar,,,,,,,,,,,,
tomato,msg,,,,,,,,,,,,
tomatoes,gojuchang,,,,,,,,,,,,
toor dal,dijon,,,,,,,,,,,,
turnip,arame,,,,,,,,,,,,
turnips,ras el hanout,,,,,,,,,,,,
vegetable stock,muscat,,,,,,,,,,,,
vegetable stock cube,mache,,,,,,,,,,,,
vegetables,za'tar,,,,,,,,,,,,
vine leaves,sofrito,,,,,,,,,,,,
vine tomatoes,za’atar,,,,,,,,,,,,
whole-kernel corn,sambuca,,,,,,,,,,,,
wild mushrooms,matcha,,,,,,,,,,,,
wood ear mushrooms,ponzu,,,,,,,,,,,,
yellow pepper,nam pla,,,,,,,,,,,,
zucchini,ras el-hanout,,,,,,,,,,,,
vegetable blend,,,,,,,,,,,,,
vegetable,,,,,,,,,,,,,
haricots verts,,,,,,,,,,,,,
hominy,,,,,,,,,,,,,
capsicum,,,,,,,,,,,,,
galangal,,,,,,,,,,,,,
chanterelles,,,,,,,,,,,,,
cardoon,,,,,,,,,,,,,
yam,,,,,,,,,,,,,
dhania leaves,,,,,,,,,,,,,
leaves,,,,,,,,,,,,,
courgette,,,,,,,,,,,,,
pimento,,,,,,,,,,,,,
green onios,,,,,,,,,,,,,
urad dal,,,,,,,,,,,,,
lotus root,,,,,,,,,,,,,
sprouted moong,,,,,,,,,,,,,
taro,,,,,,,,,,,,,
kombu,,,,,,,,,,,,,
channa dal,,,,,,,,,,,,,
olive,,,,,,,,,,,,,
pak choy,,,,,,,,,,,,,
pak choi,,,,,,,,,,,,,
nettle,,,,,,,,,,,,,
piment,,,,,,,,,,,,,
cardamon,,,,,,,,,,,,,
kohlrabi,,,,,,,,,,,,,
daikon,,,,,,,,,,,,,
tindora,,,,,,,,,,,,,
caper,,,,,,,,,,,,,
hearts of palm,,,,,,,,,,,,,
palm,,,,,,,,,,,,,
okra pod,,,,,,,,,,,,,
okra,,,,,,,,,,,,,
fiddlehead,,,,,,,,,,,,,
haricot,,,,,,,,,,,,,
heart of palm,,,,,,,,,,,,,
sunchokes,,,,,,,,,,,,,
bengal gram,,,,,,,,,,,,,
wakame,,,,,,,,,,,,,
konbu,,,,,,,,,,,,,
garbanzo,,,,,,,,,,,,,
truffle,,,,,,,,,,,,,
pickle,,,,,,,,,,,,,
porcini,,,,,,,,,,,,,
shiitake,,,,,,,,,,,,,
